paulo,paulo@amigo.com
leticia,leticia@amigo.com
fabiola,fabiola@amigo.com
amanda,amanda.zamba@amigo.com
mariana,mariesaravya@amigo.com
flavio,flavio@amigo.com
luiz,luiz@amigo.com
fabiana,fabiana@amigo.com
mauro,mauro@amigo.com